epoch,time,train/box_loss,train/cls_loss,train/dfl_loss,metrics/precision(B),metrics/recall(B),metrics/mAP50(B),metrics/mAP50-95(B),val/box_loss,val/cls_loss,val/dfl_loss,lr/pg0,lr/pg1,lr/pg2
1,17.559,1.33818,6.92563,0.01251,0.359,0.52578,0.35493,0.22193,1.20716,6.06171,0.01437,0.00026672,0.00026672,0.00026672
2,28.3511,1.38435,3.37846,0.01157,0.58236,0.61551,0.63001,0.3845,1.31138,1.87075,0.01641,0.000544664,0.000544664,0.000544664
3,39.2521,1.35929,2.1873,0.01185,0.50826,0.46976,0.46025,0.25459,1.68419,1.8546,0.02299,0.000816997,0.000816997,0.000816997
4,50.0888,1.51152,1.68359,0.01295,0.34008,0.35391,0.31149,0.1522,1.72576,2.9958,0.02413,0.00108372,0.00108372,0.00108372
5,60.9551,1.46989,1.61385,0.01321,0.32617,0.62104,0.52655,0.22069,1.89277,3.26043,0.02649,0.00134483,0.00134483,0.00134483
6,71.8849,1.51718,1.39017,0.0127,0.30022,0.44373,0.30315,0.14396,1.73996,3.09277,0.02357,0.00158448,0.00158448,0.00158448
7,82.726,1.45642,1.35864,0.01448,0.43561,0.31115,0.31589,0.10903,nan,nan,nan,0.00156798,0.00156798,0.00156798
8,93.6575,1.47876,1.33419,0.01369,0.72484,0.54825,0.6801,0.30313,1.98473,2.25731,0.02995,0.00155148,0.00155148,0.00155148
9,104.66,1.48463,1.43477,0.01319,0.49692,0.66835,0.62926,0.33803,1.55047,1.71543,0.02033,0.00153497,0.00153497,0.00153497
10,115.596,1.49769,1.20765,0.01413,0.52018,0.76394,0.64551,0.33001,1.62315,1.82915,0.02161,0.00151847,0.00151847,0.00151847
11,126.611,1.4347,1.22476,0.01356,0.57165,0.74756,0.58853,0.34468,1.61684,1.4382,0.02582,0.00150197,0.00150197,0.00150197
12,137.637,1.41219,1.1278,0.01304,0.64522,0.8108,0.76057,0.42549,1.64952,1.75051,0.02227,0.00148546,0.00148546,0.00148546
13,148.796,1.38454,1.06023,0.01194,0.69292,0.78415,0.74455,0.46358,1.34804,1.2933,0.01693,0.00146896,0.00146896,0.00146896
14,159.889,1.39165,1.11,0.01191,0.73019,0.71916,0.75906,0.47002,1.41832,1.02055,0.01789,0.00145246,0.00145246,0.00145246
15,170.976,1.34784,0.97717,0.01103,0.66188,0.7047,0.69628,0.42988,1.398,1.61307,0.01816,0.00143595,0.00143595,0.00143595
16,181.889,1.29081,0.99317,0.01199,0.72729,0.64409,0.6821,0.46192,1.26956,1.71179,0.01598,0.00141945,0.00141945,0.00141945
17,192.93,1.31847,0.99699,0.01042,0.71958,0.78797,0.81078,0.48807,1.46397,1.20361,0.01878,0.00140295,0.00140295,0.00140295
18,203.112,1.28053,0.90397,0.01147,0.81614,0.75021,0.80469,0.47151,1.41558,1.25013,0.01745,0.00138644,0.00138644,0.00138644
19,212.968,1.28292,0.85368,0.01132,0.72925,0.75332,0.79564,0.44945,1.42423,1.12859,0.01757,0.00136994,0.00136994,0.00136994
20,222.842,1.29977,0.88265,0.01055,0.81704,0.71516,0.82804,0.52187,1.43284,1.02372,0.01976,0.00135344,0.00135344,0.00135344
21,232.422,1.27191,0.91556,0.01124,0.84725,0.77122,0.8866,0.55584,1.37165,0.82737,0.01702,0.00133693,0.00133693,0.00133693
22,242.019,1.2823,0.93516,0.01008,0.72544,0.77603,0.82916,0.53706,1.34291,0.86656,0.01667,0.00132043,0.00132043,0.00132043
23,251.408,1.30441,0.89649,0.01138,0.66835,0.74739,0.79864,0.53021,1.26701,1.22591,0.01574,0.00130393,0.00130393,0.00130393
24,260.837,1.25746,0.86085,0.01069,0.71363,0.83416,0.82579,0.55095,1.25794,0.85544,0.01565,0.00128742,0.00128742,0.00128742
25,270.314,1.19105,0.89119,0.01072,0.68929,0.83402,0.81996,0.53974,1.19012,1.04945,0.0148,0.00127092,0.00127092,0.00127092
26,279.733,1.20917,0.83016,0.01016,0.67555,0.76078,0.73458,0.49337,1.18392,1.12878,0.01422,0.00125442,0.00125442,0.00125442
27,289.184,1.1925,0.83619,0.0109,0.7463,0.77335,0.83372,0.54788,1.29087,0.85245,0.01677,0.00123791,0.00123791,0.00123791
28,298.639,1.21035,0.84567,0.00965,0.81622,0.83433,0.85284,0.57224,1.20604,0.8031,0.01507,0.00122141,0.00122141,0.00122141
29,308.1,1.23153,0.83301,0.0103,0.75257,0.645,0.72203,0.45497,1.23986,1.34083,0.01577,0.00120491,0.00120491,0.00120491
30,317.505,1.20456,0.81253,0.01101,0.78676,0.75809,0.81225,0.56263,1.16459,0.91848,0.01455,0.0011884,0.0011884,0.0011884
31,326.995,1.24727,0.82874,0.01077,0.73223,0.83139,0.87882,0.59707,1.18748,0.76495,0.01381,0.0011719,0.0011719,0.0011719
32,336.551,1.20975,0.82175,0.01011,0.85516,0.81815,0.89621,0.61989,1.13745,0.76544,0.01364,0.0011554,0.0011554,0.0011554
33,346.055,1.13853,0.7808,0.00965,0.86903,0.80662,0.8809,0.55111,1.36898,0.69617,0.01841,0.00113889,0.00113889,0.00113889
34,355.449,1.13519,0.78049,0.00964,0.71458,0.82424,0.82647,0.57177,1.19323,0.88166,0.01489,0.00112239,0.00112239,0.00112239
35,364.892,1.13784,0.77212,0.01015,0.8374,0.75376,0.84256,0.57112,1.1235,0.86155,0.01354,0.00110589,0.00110589,0.00110589
36,374.352,1.22857,0.75985,0.01074,0.78787,0.88705,0.89842,0.61945,1.17729,0.70434,0.01427,0.00108938,0.00108938,0.00108938
37,383.688,1.11002,0.74807,0.00944,0.85599,0.83434,0.88521,0.60566,1.17691,0.74651,0.01397,0.00107288,0.00107288,0.00107288
38,393.05,1.12262,0.69972,0.00926,0.81561,0.87846,0.90783,0.63478,1.10527,0.62018,0.01348,0.00105638,0.00105638,0.00105638
39,402.44,1.08314,0.66117,0.01008,0.84122,0.87596,0.88517,0.60749,1.17263,0.68563,0.01472,0.00103987,0.00103987,0.00103987
40,411.748,1.04085,0.70634,0.00881,0.83697,0.79233,0.88109,0.62486,1.17943,0.64031,0.0143,0.00102337,0.00102337,0.00102337
41,421.083,1.09888,0.70775,0.00919,0.8214,0.81967,0.8822,0.61045,1.22099,0.62764,0.01606,0.00100687,0.00100687,0.00100687
42,430.576,1.10386,0.67837,0.00894,0.86072,0.8633,0.91103,0.64214,1.16792,0.62914,0.0149,0.000990365,0.000990365,0.000990365
43,439.99,1.07523,0.66709,0.00851,0.7279,0.74285,0.80019,0.55472,1.15588,1.02504,0.0149,0.000973861,0.000973861,0.000973861
44,449.349,1.02453,0.60287,0.00846,0.83623,0.86168,0.90465,0.65668,1.111,0.60019,0.01356,0.000957358,0.000957358,0.000957358
45,459.044,1.09399,0.62464,0.00961,0.7168,0.80035,0.82663,0.51966,1.36959,0.91692,0.01792,0.000940855,0.000940855,0.000940855
46,468.42,1.09672,0.63558,0.00886,0.83073,0.87805,0.8996,0.61866,1.1996,0.7445,0.01483,0.000924352,0.000924352,0.000924352
47,477.75,1.05295,0.6208,0.00869,0.84903,0.79425,0.86527,0.60251,1.1858,0.68956,0.01525,0.000907848,0.000907848,0.000907848
48,487.132,1.05149,0.61393,0.00788,0.87924,0.81475,0.91466,0.64644,1.18305,0.59491,0.01518,0.000891345,0.000891345,0.000891345
49,496.48,1.00558,0.56435,0.00884,0.89966,0.81509,0.91467,0.62798,1.19702,0.66276,0.01532,0.000874842,0.000874842,0.000874842
50,505.857,0.93943,0.57225,0.00837,0.93313,0.86568,0.9161,0.63106,1.2229,0.60423,0.0159,0.000858338,0.000858338,0.000858338
51,515.211,1.01393,0.57156,0.0081,0.91279,0.82282,0.92165,0.64791,1.09848,0.59694,0.01309,0.000841835,0.000841835,0.000841835
52,524.643,1.02232,0.53283,0.00736,0.86851,0.84321,0.90796,0.63999,1.06681,0.63529,0.01359,0.000825332,0.000825332,0.000825332
53,534.045,0.95162,0.53665,0.00765,0.87224,0.85855,0.92062,0.66214,1.09841,0.56672,0.01368,0.000808828,0.000808828,0.000808828
54,543.441,0.98147,0.58676,0.00779,0.81411,0.8702,0.91096,0.62719,1.19727,0.61988,0.01482,0.000792325,0.000792325,0.000792325
55,552.831,0.96408,0.55311,0.00779,0.8617,0.8953,0.9135,0.63786,1.11078,0.55894,0.01353,0.000775822,0.000775822,0.000775822
56,562.212,0.95261,0.52585,0.00762,0.87732,0.86716,0.91501,0.65228,1.07683,0.58343,0.01306,0.000759318,0.000759318,0.000759318
57,571.607,0.95319,0.53619,0.00759,0.87372,0.8831,0.92679,0.66961,1.04366,0.53938,0.01241,0.000742815,0.000742815,0.000742815
58,581.072,0.9681,0.53303,0.00864,0.79455,0.89546,0.90076,0.63979,1.13758,0.71114,0.01453,0.000726312,0.000726312,0.000726312
59,590.477,0.9319,0.5253,0.00789,0.84849,0.87698,0.91696,0.66234,1.10726,0.59064,0.0131,0.000709809,0.000709809,0.000709809
60,599.844,0.94825,0.55161,0.00781,0.85086,0.91254,0.94516,0.67063,1.18287,0.54262,0.01535,0.000693305,0.000693305,0.000693305
61,609.212,0.89688,0.5339,0.00856,0.90243,0.88951,0.92783,0.66386,1.13598,0.58119,0.01342,0.000676802,0.000676802,0.000676802
62,618.611,1.01217,0.54336,0.00938,0.86372,0.87839,0.89647,0.64644,1.07814,0.62001,0.01388,0.000660299,0.000660299,0.000660299
63,627.977,0.92913,0.53722,0.0079,0.86761,0.87095,0.92392,0.67444,1.09252,0.5687,0.01433,0.000643795,0.000643795,0.000643795
64,637.44,0.92579,0.48984,0.00845,0.89468,0.89143,0.94157,0.66503,1.10307,0.50618,0.01411,0.000627292,0.000627292,0.000627292
65,646.844,0.88002,0.48448,0.00702,0.91024,0.88355,0.93677,0.67509,1.06125,0.52842,0.01321,0.000610789,0.000610789,0.000610789
66,656.319,0.87254,0.4768,0.00746,0.88889,0.87892,0.94521,0.68597,1.072,0.49921,0.01378,0.000594286,0.000594286,0.000594286
67,665.772,0.92263,0.51279,0.00771,0.963,0.84338,0.94617,0.67314,1.12346,0.45221,0.01481,0.000577782,0.000577782,0.000577782
68,675.159,0.93005,0.51313,0.00764,0.87133,0.88188,0.91965,0.67741,1.05158,0.51545,0.0126,0.000561279,0.000561279,0.000561279
69,684.559,0.86134,0.47209,0.00755,0.88539,0.87578,0.91485,0.67152,1.05498,0.56496,0.01327,0.000544776,0.000544776,0.000544776
70,693.88,0.87641,0.47183,0.0085,0.87385,0.94571,0.93495,0.68153,1.04614,0.5293,0.0124,0.000528272,0.000528272,0.000528272
71,703.27,0.87682,0.46823,0.00759,0.85625,0.89871,0.91923,0.65529,1.09855,0.65319,0.01346,0.000511769,0.000511769,0.000511769
72,712.643,0.85889,0.46692,0.00768,0.8838,0.87009,0.93511,0.67696,1.05856,0.52095,0.01278,0.000495266,0.000495266,0.000495266
73,722.024,0.83715,0.41182,0.00676,0.93754,0.89709,0.95146,0.67729,1.11681,0.46505,0.01332,0.000478762,0.000478762,0.000478762
74,731.413,0.89032,0.46909,0.00703,0.90276,0.91586,0.94625,0.69657,0.99242,0.4607,0.01158,0.000462259,0.000462259,0.000462259
75,740.905,0.86549,0.41706,0.00652,0.90496,0.88984,0.95389,0.66866,1.17808,0.48428,0.01455,0.000445756,0.000445756,0.000445756
76,750.315,0.88792,0.43523,0.00689,0.93034,0.90836,0.95072,0.69651,1.05342,0.41702,0.01239,0.000429253,0.000429253,0.000429253
77,759.8,0.84391,0.41469,0.00656,0.92284,0.89826,0.95268,0.69592,1.08317,0.41393,0.01335,0.000412749,0.000412749,0.000412749
78,769.265,0.82442,0.42839,0.00676,0.94806,0.89929,0.9593,0.715,1.05319,0.37598,0.01271,0.000396246,0.000396246,0.000396246
79,778.891,0.84209,0.41423,0.00666,0.9394,0.87346,0.95402,0.68195,1.15896,0.42908,0.01413,0.000379743,0.000379743,0.000379743
80,788.315,0.8628,0.41685,0.00638,0.94759,0.91045,0.95973,0.68773,1.0778,0.38697,0.01314,0.000363239,0.000363239,0.000363239
81,797.706,0.80562,0.37351,0.00669,0.92485,0.91655,0.95559,0.68978,1.09501,0.48032,0.014,0.000346736,0.000346736,0.000346736
82,807.104,0.80375,0.45859,0.00657,0.93314,0.91235,0.95474,0.67336,1.16566,0.46353,0.0146,0.000330233,0.000330233,0.000330233
83,816.527,0.79471,0.40362,0.00641,0.8915,0.91743,0.94905,0.70261,1.05193,0.48384,0.01318,0.000313729,0.000313729,0.000313729
84,825.931,0.81783,0.40317,0.00626,0.90494,0.89617,0.94309,0.66959,1.10656,0.5036,0.01372,0.000297226,0.000297226,0.000297226
85,835.328,0.80103,0.39712,0.00596,0.89064,0.91351,0.95239,0.68406,1.04929,0.48362,0.01259,0.000280723,0.000280723,0.000280723
86,844.73,0.75184,0.40324,0.00612,0.95033,0.87855,0.95022,0.68381,1.07381,0.50544,0.0131,0.00026422,0.00026422,0.00026422
87,854.16,0.7938,0.39659,0.00642,0.92936,0.88519,0.93655,0.66682,1.12433,0.61028,0.014,0.000247716,0.000247716,0.000247716
88,863.548,0.79331,0.41462,0.00612,0.94909,0.88188,0.93694,0.68725,1.05938,0.5401,0.01349,0.000231213,0.000231213,0.000231213
89,872.948,0.78995,0.41293,0.00645,0.94028,0.85994,0.94892,0.69679,1.0474,0.45725,0.01344,0.00021471,0.00021471,0.00021471
90,882.396,0.77531,0.39185,0.00589,0.94477,0.87178,0.94307,0.68046,1.06782,0.57622,0.01303,0.000198206,0.000198206,0.000198206
91,892.465,0.65719,0.32037,0.00711,0.89786,0.90226,0.93729,0.6746,1.07137,0.59704,0.01267,0.000181703,0.000181703,0.000181703
92,901.848,0.68044,0.2888,0.00781,0.92189,0.90664,0.94839,0.69182,1.04562,0.50876,0.01271,0.0001652,0.0001652,0.0001652
93,911.213,0.63191,0.26538,0.00702,0.9231,0.92875,0.95461,0.70458,1.05678,0.42723,0.01316,0.000148696,0.000148696,0.000148696
94,920.573,0.70041,0.34021,0.0084,0.93981,0.92875,0.95761,0.69753,1.05923,0.40718,0.01327,0.000132193,0.000132193,0.000132193
95,929.929,0.63649,0.24404,0.00613,0.9128,0.93814,0.96061,0.69634,1.07593,0.4016,0.0134,0.00011569,0.00011569,0.00011569
96,939.299,0.65449,0.28476,0.00675,0.93611,0.91655,0.95998,0.70811,1.04189,0.40535,0.01284,9.91865e-05,9.91865e-05,9.91865e-05
97,948.608,0.66017,0.26848,0.00619,0.9418,0.91345,0.96241,0.71167,1.02861,0.40369,0.01258,8.26832e-05,8.26832e-05,8.26832e-05
98,957.955,0.6226,0.2401,0.00589,0.95315,0.91446,0.96279,0.71155,1.0155,0.40094,0.01219,6.61799e-05,6.61799e-05,6.61799e-05
99,967.354,0.61512,0.23566,0.00609,0.93833,0.91936,0.96259,0.71029,1.01645,0.40685,0.01213,4.96766e-05,4.96766e-05,4.96766e-05
100,976.731,0.63775,0.24051,0.00649,0.93126,0.94303,0.96356,0.71073,1.02375,0.40078,0.01223,3.31733e-05,3.31733e-05,3.31733e-05
