epoch,time,train/box_loss,train/seg_loss,train/cls_loss,train/dfl_loss,train/sem_loss,metrics/precision(B),metrics/recall(B),metrics/mAP50(B),metrics/mAP50-95(B),metrics/precision(M),metrics/recall(M),metrics/mAP50(M),metrics/mAP50-95(M),val/box_loss,val/seg_loss,val/cls_loss,val/dfl_loss,val/sem_loss,lr/pg0,lr/pg1,lr/pg2
1,9.1599,2.58653,4.42262,3.18234,0.04871,4.1477,0.15367,0.2931,0.08893,0.01833,0.11595,0.24138,0.07321,0.01633,2.40995,7.76153,3.30969,0.05748,0,0.000653333,0.000653333,0.000653333
2,13.5965,2.18489,3.21653,2.13129,0.03532,2.54212,0.36327,0.31897,0.27442,0.10738,0.30096,0.24138,0.19176,0.07169,2.23274,15.1452,3.93628,0.05081,0,0.00130693,0.00130693,0.00130693
3,17.998,2.19502,2.87685,2.00523,0.0342,2.41903,0.34776,0.27586,0.2167,0.07421,0.32697,0.19828,0.14835,0.03466,nan,nan,nan,nan,0,0.00194733,0.00194733,0.00194733
4,22.2932,2.10502,2.78025,1.94442,0.0336,2.21566,0.56347,0.43103,0.44809,0.14941,0.55457,0.41379,0.39481,0.12124,2.07452,120.766,2.51792,0.04576,0,0.0019406,0.0019406,0.0019406
5,26.6098,2.03343,2.74492,1.79685,0.03092,2.02177,0.54841,0.37931,0.3492,0.12791,0.44389,0.35345,0.30088,0.12579,nan,nan,nan,nan,0,0.0019208,0.0019208,0.0019208
6,30.8336,2.02686,2.76629,1.68598,0.03076,2.04897,0.3442,0.55172,0.29343,0.12104,0.32412,0.51724,0.25185,0.08323,2.01215,2.73087,2.25311,0.03967,0,0.001901,0.001901,0.001901
7,35.1935,1.93136,2.71126,1.64418,0.02971,1.91184,0.52094,0.53448,0.47551,0.26891,0.44708,0.51724,0.40632,0.20733,1.78146,2.42554,1.58982,0.03369,0,0.0018812,0.0018812,0.0018812
8,39.534,1.93926,2.60591,1.6298,0.02915,1.87004,0.58621,0.52586,0.5174,0.26589,0.5352,0.48642,0.43462,0.1773,1.65649,2.55683,1.51175,0.03027,0,0.0018614,0.0018614,0.0018614
9,43.7029,1.93202,2.68278,1.63627,0.02945,1.85,0.54698,0.48276,0.43289,0.1783,0.50753,0.41759,0.34928,0.12196,1.79654,2.45911,1.62914,0.03367,0,0.0018416,0.0018416,0.0018416
10,48.0837,1.89042,2.62062,1.63195,0.0292,1.88647,0.50606,0.52586,0.51169,0.28685,0.48178,0.47414,0.46443,0.23998,1.90139,2.33551,1.62266,0.03537,0,0.0018218,0.0018218,0.0018218
11,52.7245,1.87962,2.53037,1.58814,0.02805,1.79823,0.51463,0.585,0.49462,0.25576,0.4786,0.52586,0.44474,0.20474,1.96647,2.25191,1.50109,0.03848,0,0.001802,0.001802,0.001802
12,57.5108,1.87754,2.52988,1.54794,0.02824,1.82986,0.62946,0.51724,0.53738,0.27649,0.5732,0.47414,0.45537,0.18757,1.58611,2.27697,1.6129,0.03051,0,0.0017822,0.0017822,0.0017822
13,62.5542,1.83189,2.51828,1.58484,0.02733,1.81112,0.43419,0.49138,0.45177,0.21132,0.43206,0.33621,0.35455,0.13198,1.99106,2.62801,1.87227,0.0358,0,0.0017624,0.0017624,0.0017624
14,67.1032,1.82684,2.50336,1.46537,0.02754,1.72306,0.71244,0.56897,0.61541,0.3304,0.63257,0.5431,0.50438,0.2441,1.70561,2.33691,1.42273,0.03142,0,0.0017426,0.0017426,0.0017426
15,71.5893,1.92574,2.444,1.47063,0.02892,1.76412,0.57375,0.56034,0.49011,0.23412,0.5368,0.49138,0.43006,0.1938,1.87962,2.15435,1.58141,0.03709,0,0.0017228,0.0017228,0.0017228
16,76.0024,1.80121,2.44894,1.49371,0.02709,1.80438,0.52895,0.57116,0.48511,0.24005,0.49996,0.52577,0.43849,0.181,1.76396,2.62652,1.48346,0.03349,0,0.001703,0.001703,0.001703
17,80.4027,1.76922,2.4092,1.41873,0.02649,1.75385,0.58607,0.5431,0.47245,0.22353,0.53026,0.49138,0.41125,0.17074,1.95217,2.4246,1.64309,0.03781,0,0.0016832,0.0016832,0.0016832
18,84.8262,1.82367,2.48051,1.48913,0.02703,1.71376,0.5637,0.53448,0.53498,0.31524,0.59603,0.44828,0.48811,0.23117,1.69406,2.21593,1.32264,0.03166,0,0.0016634,0.0016634,0.0016634
19,89.2848,1.80361,2.50423,1.44248,0.02667,1.63614,0.44826,0.42241,0.36416,0.17376,0.4581,0.42241,0.35976,0.16479,2.00061,2.24809,1.9014,0.03935,0,0.0016436,0.0016436,0.0016436
20,93.8399,1.72497,2.40086,1.40988,0.0251,1.64103,0.47039,0.52586,0.46687,0.23595,0.55866,0.44828,0.43108,0.18354,1.82954,2.35267,1.80216,0.03598,0,0.0016238,0.0016238,0.0016238
21,98.3879,1.72964,2.2907,1.37174,0.02558,1.56778,0.61682,0.56034,0.56691,0.31837,0.60531,0.54207,0.53926,0.25316,1.57244,2.12527,1.32737,0.02877,0,0.001604,0.001604,0.001604
22,102.655,1.75532,2.31061,1.36523,0.02657,1.64211,0.78608,0.51724,0.60338,0.34606,0.72956,0.46552,0.55186,0.23627,1.58281,2.25383,1.34487,0.02962,0,0.0015842,0.0015842,0.0015842
23,107.044,1.71835,2.39356,1.29259,0.02547,1.56884,0.72586,0.52499,0.60123,0.30573,0.62507,0.56034,0.5511,0.21657,2.01434,2.18577,1.33572,0.03613,0,0.0015644,0.0015644,0.0015644
24,111.352,1.77972,2.34431,1.33621,0.02664,1.58272,0.6493,0.54266,0.58434,0.30301,0.58916,0.49452,0.50015,0.24746,1.92981,2.24318,1.55016,0.0377,0,0.0015446,0.0015446,0.0015446
25,115.736,1.70138,2.27337,1.28749,0.02559,1.55368,0.78295,0.55973,0.61382,0.30827,0.72,0.50986,0.55855,0.27512,1.97623,2.22216,1.48096,0.03889,0,0.0015248,0.0015248,0.0015248
26,120.206,1.70541,2.3333,1.24404,0.02517,1.51914,0.50083,0.5431,0.50216,0.24234,0.48919,0.51188,0.47149,0.20099,2.00337,2.17988,1.56298,0.04125,0,0.001505,0.001505,0.001505
27,124.524,1.76552,2.37476,1.32458,0.02656,1.59144,0.7058,0.53774,0.61526,0.37975,0.62544,0.47504,0.5174,0.26593,1.54212,2.7153,1.38131,0.02872,0,0.0014852,0.0014852,0.0014852
28,128.945,1.70521,2.25662,1.27344,0.02487,1.53091,0.65447,0.60416,0.6005,0.30448,0.5997,0.55172,0.5143,0.26353,2.0003,2.26128,1.31414,0.0378,0,0.0014654,0.0014654,0.0014654
29,133.54,1.75471,2.2823,1.27577,0.02603,1.54971,0.72991,0.57759,0.63832,0.39721,0.66716,0.52586,0.54635,0.28404,1.56526,2.22455,1.2245,0.02796,0,0.0014456,0.0014456,0.0014456
30,138.263,1.66941,2.24066,1.22155,0.02399,1.43727,0.77793,0.48276,0.59537,0.28812,0.68318,0.40899,0.48574,0.20641,1.76983,2.46352,1.5024,0.03297,0,0.0014258,0.0014258,0.0014258
31,142.845,1.69439,2.35615,1.28194,0.02541,1.55564,0.60049,0.46648,0.51603,0.28898,0.50273,0.47414,0.46487,0.18364,1.4996,2.79527,1.43541,0.02601,0,0.001406,0.001406,0.001406
32,147.47,1.67726,2.25081,1.2835,0.02437,1.49519,0.5443,0.60345,0.54108,0.29707,0.51023,0.52988,0.50386,0.27359,1.80956,2.15759,1.53961,0.03432,0,0.0013862,0.0013862,0.0013862
33,151.905,1.69167,2.33099,1.30663,0.02443,1.57034,0.69905,0.60345,0.59173,0.31523,0.61053,0.52705,0.54561,0.25124,1.67858,2.26929,1.36298,0.03087,0,0.0013664,0.0013664,0.0013664
34,156.332,1.71567,2.30806,1.29168,0.02545,1.52641,0.59157,0.56034,0.58763,0.31418,0.565,0.53448,0.52591,0.24555,1.72056,2.1884,1.3836,0.03141,0,0.0013466,0.0013466,0.0013466
35,160.864,1.64221,2.25244,1.22599,0.02381,1.44957,0.68199,0.59163,0.63396,0.3615,0.60054,0.53448,0.56376,0.26723,1.7525,2.27802,1.21726,0.03205,0,0.0013268,0.0013268,0.0013268
36,165.361,1.659,2.32535,1.22353,0.025,1.48119,0.70557,0.5431,0.63823,0.32074,0.72153,0.48276,0.56111,0.20483,1.60562,2.2257,1.62452,0.02836,0,0.001307,0.001307,0.001307
37,169.829,1.635,2.28088,1.16701,0.02417,1.46219,0.6406,0.58391,0.5979,0.35689,0.58112,0.57759,0.55031,0.27579,1.62604,2.16893,1.13136,0.02951,0,0.0012872,0.0012872,0.0012872
38,174.437,1.63238,2.25169,1.18219,0.02338,1.41522,0.67199,0.58283,0.66104,0.37456,0.68036,0.46552,0.54444,0.27607,1.73268,2.19475,1.2057,0.03153,0,0.0012674,0.0012674,0.0012674
39,178.996,1.65517,2.30035,1.21054,0.02396,1.45697,0.53679,0.52586,0.48814,0.27562,0.52645,0.50794,0.45193,0.20769,1.64125,2.15635,1.3731,0.02932,0,0.0012476,0.0012476,0.0012476
40,183.548,1.63348,2.20503,1.21206,0.02317,1.45277,0.58641,0.58621,0.56084,0.3243,0.53913,0.54458,0.52561,0.23887,1.72013,2.17372,1.29514,0.0313,0,0.0012278,0.0012278,0.0012278
41,188.067,1.59885,2.22669,1.18684,0.02382,1.4497,0.68736,0.63793,0.6539,0.39784,0.58214,0.57759,0.54776,0.29018,1.52522,2.24791,1.15575,0.02756,0,0.001208,0.001208,0.001208
42,192.675,1.65046,2.26632,1.20006,0.02375,1.41157,0.7422,0.62048,0.67953,0.34516,0.6365,0.63402,0.60036,0.27364,1.76924,2.11584,1.0922,0.03328,0,0.0011882,0.0011882,0.0011882
43,197.375,1.6088,2.23612,1.22262,0.02342,1.44757,0.80532,0.56034,0.65195,0.38752,0.73553,0.55172,0.60952,0.27127,1.54134,2.14917,1.16716,0.02734,0,0.0011684,0.0011684,0.0011684
44,201.899,1.64834,2.20832,1.1328,0.0238,1.37388,0.67461,0.56897,0.57623,0.32776,0.57863,0.56897,0.50433,0.24264,1.61179,2.21497,1.27324,0.02992,0,0.0011486,0.0011486,0.0011486
45,206.429,1.60968,2.21879,1.18264,0.02325,1.39754,0.62007,0.62069,0.63283,0.36362,0.59454,0.53094,0.53908,0.23763,1.5809,2.18226,1.21748,0.02878,0,0.0011288,0.0011288,0.0011288
46,211,1.59915,2.20815,1.14401,0.02287,1.36883,0.74666,0.60345,0.68331,0.40187,0.7262,0.5259,0.60668,0.25602,1.77928,2.31671,1.08023,0.03335,0,0.001109,0.001109,0.001109
47,215.541,1.63566,2.15859,1.11254,0.02405,1.32584,0.8099,0.64655,0.6946,0.40867,0.72863,0.58621,0.59062,0.31294,1.63849,2.15453,1.14554,0.03075,0,0.0010892,0.0010892,0.0010892
48,220.195,1.63685,2.23059,1.13701,0.02378,1.37432,0.69625,0.56034,0.57309,0.30413,0.62934,0.50862,0.50135,0.22335,1.68797,2.14209,1.4163,0.03226,0,0.0010694,0.0010694,0.0010694
49,224.639,1.61754,2.20184,1.11321,0.02327,1.39766,0.63987,0.59738,0.58742,0.3409,0.60595,0.57003,0.52366,0.24995,1.62479,2.24401,1.36536,0.02867,0,0.0010496,0.0010496,0.0010496
50,229.244,1.55127,2.15101,1.09778,0.0228,1.34946,0.72793,0.55172,0.63997,0.37019,0.60142,0.55172,0.57609,0.27745,1.64855,2.19831,1.23826,0.02969,0,0.0010298,0.0010298,0.0010298
51,233.808,1.55581,2.23056,1.13364,0.02254,1.37416,0.62344,0.51724,0.52739,0.30364,0.52028,0.46552,0.47999,0.22152,1.67784,2.13089,1.28107,0.03051,0,0.00101,0.00101,0.00101
52,238.145,1.59791,2.13765,1.11595,0.02286,1.36176,0.81621,0.56034,0.6902,0.41333,0.74494,0.50358,0.59299,0.28682,1.72784,2.16588,1.04234,0.0328,0,0.0009902,0.0009902,0.0009902
53,242.464,1.55059,2.14197,1.08964,0.02289,1.35041,0.77487,0.60345,0.66553,0.35016,0.68871,0.58621,0.57698,0.254,1.69167,2.2496,1.107,0.0306,0,0.0009704,0.0009704,0.0009704
54,246.868,1.58412,2.11398,1.07899,0.02269,1.30857,0.72507,0.59115,0.64943,0.37141,0.68505,0.52586,0.57658,0.24832,1.50064,2.13247,1.31335,0.02728,0,0.0009506,0.0009506,0.0009506
55,251.199,1.52723,2.11191,1.08471,0.02239,1.35692,0.7051,0.5431,0.64036,0.39744,0.71728,0.46552,0.58278,0.26899,1.59392,2.35772,1.25994,0.02925,0,0.0009308,0.0009308,0.0009308
56,255.557,1.55876,2.07577,1.06787,0.02242,1.31321,0.82272,0.59483,0.68181,0.38368,0.75866,0.53448,0.58167,0.25233,1.66314,2.13208,1.18814,0.0292,0,0.000911,0.000911,0.000911
57,259.92,1.5701,2.12117,1.06246,0.02221,1.32615,0.65792,0.67241,0.6708,0.41597,0.57474,0.61752,0.56296,0.26605,1.40797,2.15899,1.19891,0.02377,0,0.0008912,0.0008912,0.0008912
58,264.692,1.58619,2.07153,1.04952,0.02269,1.29799,0.74437,0.65269,0.68685,0.35452,0.68821,0.57087,0.61336,0.27987,1.76153,2.08659,1.36059,0.03242,0,0.0008714,0.0008714,0.0008714
59,269.467,1.56002,2.13262,1.05092,0.02256,1.30892,0.74234,0.60345,0.65497,0.34941,0.67653,0.56034,0.55478,0.27551,1.61655,2.1164,1.28836,0.02911,0,0.0008516,0.0008516,0.0008516
60,274.073,1.49472,2.11906,1.02574,0.02147,1.27489,0.78046,0.62069,0.68749,0.38953,0.66525,0.58621,0.55671,0.26376,1.57929,2.3104,1.24218,0.02847,0,0.0008318,0.0008318,0.0008318
61,278.495,1.51062,2.05415,1.00574,0.02143,1.28245,0.7594,0.63793,0.69126,0.41289,0.67848,0.60345,0.6221,0.27647,1.47143,2.15237,1.16648,0.02491,0,0.000812,0.000812,0.000812
62,282.812,1.56525,2.10481,1.03113,0.02242,1.30664,0.76598,0.62077,0.67869,0.3939,0.64442,0.57759,0.59438,0.2728,1.472,2.22835,1.30781,0.02646,0,0.0007922,0.0007922,0.0007922
63,287.168,1.48038,1.99221,0.99367,0.02092,1.20036,0.75529,0.66379,0.68878,0.37887,0.6789,0.57759,0.58332,0.28245,1.53023,2.19127,1.25613,0.02726,0,0.0007724,0.0007724,0.0007724
64,291.617,1.50133,2.05074,1.01797,0.02156,1.24818,0.80939,0.65517,0.7208,0.44067,0.77092,0.58024,0.63244,0.29483,1.52665,2.38495,1.0391,0.02795,0,0.0007526,0.0007526,0.0007526
65,296.167,1.48249,2.02098,0.98979,0.0215,1.22739,0.81789,0.65517,0.724,0.45551,0.77528,0.62069,0.64115,0.28077,1.50746,2.21857,0.94736,0.02725,0,0.0007328,0.0007328,0.0007328
66,300.762,1.47932,2.07377,1.02264,0.02132,1.27419,0.84764,0.59483,0.69244,0.41979,0.68907,0.59226,0.58502,0.28539,1.51113,2.12789,1.03217,0.0266,0,0.000713,0.000713,0.000713
67,305.022,1.47823,2.05289,0.99342,0.02096,1.24896,0.85692,0.65517,0.70661,0.43056,0.80327,0.61207,0.62055,0.27884,1.54347,2.10108,1.10611,0.0288,0,0.0006932,0.0006932,0.0006932
68,309.32,1.55456,2.05796,1.02445,0.022,1.22422,0.80831,0.61801,0.69423,0.42155,0.73292,0.56034,0.59411,0.27738,1.50488,2.21901,1.11775,0.02631,0,0.0006734,0.0006734,0.0006734
69,313.716,1.49844,1.98656,0.97731,0.02195,1.25621,0.71333,0.62208,0.67529,0.42484,0.70939,0.55172,0.58652,0.28093,1.39437,2.15273,1.10766,0.02462,0,0.0006536,0.0006536,0.0006536
70,318.119,1.47144,2.00807,0.95064,0.0208,1.19693,0.82237,0.5987,0.69739,0.44649,0.75991,0.54573,0.6389,0.32508,1.49349,2.18081,1.07926,0.02592,0,0.0006338,0.0006338,0.0006338
71,322.72,1.46831,1.93782,0.9297,0.02126,1.17229,0.75183,0.65292,0.69835,0.4624,0.7103,0.58621,0.61692,0.31166,1.43397,2.24364,1.02907,0.02506,0,0.000614,0.000614,0.000614
72,327.292,1.47853,2.00538,0.96934,0.02078,1.18261,0.77704,0.66379,0.71206,0.4608,0.7064,0.60345,0.61229,0.30056,1.475,2.40982,1.05577,0.02653,0,0.0005942,0.0005942,0.0005942
73,331.641,1.51678,2.07294,1.00427,0.02168,1.26489,0.78013,0.58621,0.67583,0.40803,0.70877,0.52586,0.59116,0.28499,1.568,2.16613,1.13736,0.02825,0,0.0005744,0.0005744,0.0005744
74,336.054,1.41108,1.97699,0.92675,0.02006,1.19208,0.78811,0.67334,0.72586,0.43262,0.6968,0.61417,0.59499,0.28771,1.55654,2.23553,1.01909,0.02784,0,0.0005546,0.0005546,0.0005546
75,340.396,1.44565,1.94406,0.93305,0.02047,1.19639,0.79864,0.64655,0.72364,0.4621,0.73593,0.60345,0.64824,0.31406,1.41743,2.10874,1.03738,0.02457,0,0.0005348,0.0005348,0.0005348
76,344.866,1.4682,1.94732,0.94994,0.02111,1.13789,0.74429,0.64655,0.67331,0.40054,0.6649,0.57759,0.5578,0.25686,1.5306,2.10701,1.12856,0.02697,0,0.000515,0.000515,0.000515
77,349.299,1.459,1.90861,0.89883,0.02081,1.1936,0.70876,0.54547,0.62929,0.36333,0.68202,0.51724,0.55604,0.24719,1.56592,2.184,1.26208,0.02773,0,0.0004952,0.0004952,0.0004952
78,353.647,1.44044,1.95495,0.95231,0.02052,1.21892,0.72287,0.64655,0.65206,0.38908,0.64577,0.57759,0.53585,0.26634,1.40855,2.23582,1.29951,0.02466,0,0.0004754,0.0004754,0.0004754
79,358.05,1.45353,1.98931,0.91098,0.0204,1.12731,0.74944,0.61885,0.69441,0.45425,0.60032,0.62931,0.57702,0.26576,1.37035,2.14258,0.99957,0.02316,0,0.0004556,0.0004556,0.0004556
80,362.337,1.42091,1.99248,0.93164,0.02018,1.13972,0.71454,0.67241,0.6957,0.46692,0.71346,0.56897,0.5916,0.29066,1.44732,2.13538,1.04359,0.02525,0,0.0004358,0.0004358,0.0004358
81,366.712,1.44527,2.02159,0.92538,0.02055,1.15315,0.78879,0.63793,0.70905,0.45901,0.74932,0.5927,0.61362,0.30223,1.44264,2.18427,1.07023,0.02521,0,0.000416,0.000416,0.000416
82,371.106,1.44547,1.9677,0.88857,0.02064,1.1661,0.80575,0.57759,0.69498,0.432,0.73462,0.52586,0.59445,0.28411,1.42225,2.22273,1.13033,0.02416,0,0.0003962,0.0003962,0.0003962
83,375.48,1.39869,1.87764,0.84876,0.01964,1.09729,0.74233,0.64574,0.69787,0.43239,0.6868,0.56897,0.60844,0.27017,1.49027,2.1866,1.12548,0.0268,0,0.0003764,0.0003764,0.0003764
84,379.899,1.40608,1.90377,0.88586,0.01981,1.19897,0.67966,0.64655,0.66846,0.39759,0.62529,0.59483,0.56412,0.24475,1.58034,2.17909,1.15676,0.02804,0,0.0003566,0.0003566,0.0003566
85,384.286,1.38625,1.90018,0.84711,0.01984,1.13036,0.75982,0.57273,0.65085,0.37855,0.73157,0.51688,0.54664,0.23903,1.57228,2.37716,1.35481,0.02775,0,0.0003368,0.0003368,0.0003368
86,388.735,1.35365,1.85442,0.84981,0.01851,1.07233,0.74644,0.64655,0.68901,0.41576,0.66273,0.56897,0.54774,0.26529,1.54506,2.21921,1.21872,0.0273,0,0.000317,0.000317,0.000317
87,393.182,1.38676,1.88641,0.83637,0.01935,1.11779,0.74607,0.63323,0.68062,0.42883,0.61767,0.58621,0.5725,0.27099,1.4569,2.16193,1.28444,0.02568,0,0.0002972,0.0002972,0.0002972
88,397.541,1.39404,1.85384,0.85828,0.02007,1.10724,0.73647,0.6505,0.68027,0.42627,0.66815,0.59015,0.57161,0.28375,1.46749,2.16072,1.23189,0.02522,0,0.0002774,0.0002774,0.0002774
89,402.028,1.37533,1.95584,0.87089,0.0189,1.07773,0.60185,0.65157,0.65305,0.41866,0.55106,0.60345,0.54397,0.25305,1.46942,2.19156,1.21273,0.02537,0,0.0002576,0.0002576,0.0002576
90,406.368,1.3792,1.90044,0.86942,0.01912,1.11282,0.63353,0.67063,0.6771,0.43276,0.67659,0.5431,0.57825,0.27231,1.41436,2.24365,1.27211,0.02411,0,0.0002378,0.0002378,0.0002378
91,411.164,1.22937,1.8838,0.81597,0.02316,0.99449,0.62804,0.67241,0.66395,0.41551,0.62858,0.55441,0.5562,0.2872,1.51631,2.31586,1.30076,0.02712,0,0.000218,0.000218,0.000218
92,415.578,1.21642,1.83689,0.81563,0.02379,0.97671,0.65977,0.65197,0.66082,0.40224,0.5987,0.59163,0.55654,0.2612,1.46998,2.46011,1.32871,0.0254,0,0.0001982,0.0001982,0.0001982
93,419.913,1.24152,1.85063,0.78539,0.02311,0.9181,0.77402,0.62931,0.69554,0.42521,0.70914,0.56897,0.58573,0.26898,1.5073,2.40285,1.33203,0.02644,0,0.0001784,0.0001784,0.0001784
94,424.598,1.17915,1.78037,0.78876,0.0227,0.95316,0.71933,0.62931,0.6826,0.42358,0.71276,0.55172,0.56232,0.26584,1.44823,2.33886,1.37123,0.02565,0,0.0001586,0.0001586,0.0001586
95,429.18,1.19913,1.81554,0.77062,0.02286,0.90158,0.79528,0.6028,0.68038,0.43438,0.72489,0.52246,0.56892,0.26806,1.53567,2.38664,1.24611,0.02829,0,0.0001388,0.0001388,0.0001388
96,433.802,1.18008,1.77291,0.7251,0.02172,0.86978,0.77509,0.59483,0.69026,0.43562,0.77058,0.5,0.57926,0.26716,1.4342,2.29097,1.3537,0.02538,0,0.000119,0.000119,0.000119
97,438.574,1.18262,1.77022,0.7983,0.02274,0.92681,0.75651,0.64655,0.70117,0.44592,0.72276,0.58621,0.59789,0.26953,1.51307,2.30643,1.2449,0.02807,0,9.92e-05,9.92e-05,9.92e-05
98,443.369,1.15562,1.7839,0.72612,0.02149,0.90135,0.71906,0.63793,0.69213,0.43827,0.6637,0.56034,0.58883,0.26918,1.57228,2.35379,1.26574,0.02962,0,7.94e-05,7.94e-05,7.94e-05
99,447.991,1.16467,1.78348,0.7412,0.02155,0.90463,0.73108,0.65517,0.69461,0.43683,0.66874,0.59483,0.58404,0.25284,1.54034,2.31389,1.2721,0.02878,0,5.96e-05,5.96e-05,5.96e-05
100,452.731,1.17222,1.86657,0.76008,0.02255,0.95073,0.72449,0.65517,0.69395,0.44107,0.65351,0.58621,0.58341,0.26479,1.54325,2.30478,1.23964,0.0287,0,3.98e-05,3.98e-05,3.98e-05
